condition,53973
brand,17388
isbn,16619
size,16366
type,14269
format,11304
year,10939
color,10856
style,10537
attributes,9371
subject,9328
publication,8926
language,8889
special,8858
material,8375
10,8310
13,8309
publisher,8308
topic,7890
author,7471
genre,5532
main,4945
product,4418
edition,4120
part,3496
sub,3186
sleeve,3031
shade,2991
women's,2984
warranty,2850
release,2726
length,2565
date,2288
us,2260
original,2218
number,2119
metal,2081
upc,1963
team,1948
level,1931
rating,1891
manufacturer,1880
occasion,1875
description,1688
width,1614
age,1521
gender,1480
of,1464
height,1457
card,1442
region,1425
shoe,1398
vehicle,1326
record,1298
stone,1286
duration,1264
grade,1245
pattern,1213
compatible,1165
heel,1165
reprint,1119
platform,1110
on,1043
placement,1040
configuration,1029
quality,998
reproduction,986
educational,979
module,959
model,932
sport,912
men's,886
specs,859
bag,850
leading,818
role,818
label,801
finish,796
band,788
purity,743
director,736
artist,729
era,725
speed,697
origin,672
surface,660
bottoms,646
features,645
dress,635
circulated,600
uncirculated,600
name,539
inseam,536
frame,501
player,473
camera,456
carrier,426
by,422
weight,418
strike,408
venue,402
processor,397
make,377
amp,374
ages,372
location,340
mint,338
primary,337
theme,335
contract,333
ring,332
items,331
movement,329
bundled,328
season,327
month,325
graded,321
memory,320
jewelry,319
professionally,319
cellular,314
scale,314
other,313
strap,306
capacity,302
listed,301
system,300
lens,293
screen,293
interchange,289
for,286
or,284
certification,283
operating,282
drive,281
depth,265
composition,260
fragrance,260
drop,257
waist,229
league,228
dimension,227
largest,227
expiration,226
wash,218
dexterity,216
class,215
binding,214
printing,211
shape,211
maker,210
item,208
lined,208
form,205
issue,205
protection,205
character,204
creation,204
category,201
country,194
dominant,192
signed,191
ram,181
carat,180
state,180
series,177
event,167
treatment,163
total,159
rise,157
front,154
quantity,154
medium,152
purpose,149
club,146
160,139
row,137
connectivity,134
cup,134
section,134
province,131
storage,130
day,128
hard,128
city,127
chips,126
exact,125
tickets,125
interface,122
jacket,122
rim,121
line,117
shaft,117
time,117
coupons,116
manufacturers,116
technology,114
advertising,107
in,106
padding,106
autograph,105
baby,103
grading,103
specifications,99
toddler,97
tool,97
locations,96
flex,95
valid,95
necklace,94
made,93
voltage,93
source,92
intimates,91
printer,91
sleep,91
produt,90
rarity,89
framing,87
pendant,85
body,83
driver,83
properties,83
period,82
discs,79
grader,79
professional,79
glassware,77
support,76
youth,75
amount,74
power,74
background,73
loft,73
fit,72
geography,71
trademark,70
print,69
album,67
area,67
merchant,65
wattage,65
megapixels,64
to,64
optical,63
zoom,61
set,59
core,58
shipping,58
skin,58
craft,57
game,56
unit,55
editions,54
labels,54
plant,54
resolution,53
minted,52
with,52
battery,51
coupon,51
photo,51
supplement,51
target,51
trading,51
diameter,50
film,50
focus,50
foil,48
regular,48
availability,47
measurements,47
repro,47
per,45
string,45
colors,43
design,43
is,43
vintage,43
1,42
designer,41
faucet,41
please,40
available,39
black,38
collar,38
dinnerware,38
fabric,38
hand,38
new,38
code,37
fuel,37
gemstone,37
payment,37
sizes,37
transportation,37
bra,36
ingredients,36
no,36
nutritional,36
value,36
cpu,35
letter,35
output,35
free,34
pins,34
you,34
car,33
case,33
included,33
installation,33
map,33
and,32
movie,32
conditions,31
hair,31
longaberger,31
rug,31
benefit,30
channels,30
clothing,30
engagement,30
family,30
fishing,30
park,30
bid,29
display,29
don't,29
enclosure,29
supplies,29
title,29
until,29
wall,29
additional,28
scent,28
tags,28
shirt,27
square,27
bike,26
d,26
hosiery,26
measurement,26
models,26
olympic,26
overall,26
packaging,26
sports,26
2,25
earring,25
iconic,25
manufacture,25
boot,24
computer,24
definition,24
drum,24
ink,24
manufacturer's,24
mounted,24
pieces,24
range,24
s,24
100,23
accessories,23
accessory,23
clarity,23
cuff,23
bail,22
bolts,22
buckle,22
complete,22
connection,22
cor,22
maximum,22
artisan,21
authentic,21
denomination,21
factor,21
h,21
laptop,21
tribal,21
water,21
cover,20
key,20
supported,20
watch,20
a,19
all,19
american,19
assembly,19
cut,19
produced,19
ratchets,19
recording,19
restaurant,19
rotation,19
sockets,19
species,19
tire,19
trim,19
avalibility,18
chest,18
chondrite,18
dollars,18
nutrition,18
options,18
room,18
socket,18
speakers,18
specific,18
affiliation,17
bolt,17
clock,17
effects,17
germanation,17
hd,17
industry,17
opening,17
pc,17
popular,17
reporduction,17
saddle,17
threadcount,17
3,16
aperture,16
art,16
cells,16
gymboree,16
input,16
msrp,16
pillow,16
rms,16
structure,16
technique,16
auto,15
barcode,15
bed,15
cartridge,15
closure,15
compact,15
controller,15
crystals,15
girls,15
hobby,15
home,15
measures,15
more,15
oz,15
package,15
pen,15
service,15
subgenre,15
wheel,15
conversion,14
cookware,14
credit,14
decor,14
designs,14
eagle,14
extra,14
food,14
games,14
groups,14
lot,14
matter,14
neck,14
pack,14
paying,14
pre,14
return,14
the,14
when,14
wireless,14
assortment,13
at,13
bow,13
condizioni,13
girl,13
hdd,13
nba,13
paper,13
play,13
safe,13
standard,13
tipo,13
2btype,12
asa,12
backing,12
bandwidth,12
boy,12
cards,12
company,12
contry,12
di,12
earpiece,12
energy,12
fake,12
fill,12
fitment,12
guarantee,12
license,12
lots,12
multi,12
nuovo,12
offset,12
plug,12
remote,12
rubber,12
sets,12
sop,12
starts,12
un,12
usato,12
version,12
wood,12
3d,11
4,11
approved,11
approximate,11
ball,11
bows,11
cable,11
coils,11
common,11
connectors,11
designation,11
engine,11
figure,11
fin,11
handles,11
handmade,11
jersey,11
organization,11
pet,11
post,11
rare,11
sex,11
superhero,11
252525252btype,10
2525252btype,10
25252btype,10
252btype,10
50,10
after,10
be,10
chuck,10
collectibles,10
corded,10
cordless,10
domain,10
extension,10
filter,10
focal,10
formula,10
freshly,10
gamakatsu,10
image,10
lighting,10
lines,10
mode,10
moisturizers,10
orginal,10
rod,10
shank,10
shaper,10
skill,10
supply,10
240v,9
acid,9
amplifier,9
box,9
bulb,9
characters,9
chipset,9
collection,9
cord,9
details,9
draw,9
fish,9
from,9
glass,9
holder,9
kks,9
meteorite,9
mirror,9
moisturizer,9
morocco,9
mouse,9
normal,9
nwa,9
plate,9
pvc,9
registered,9
sink,9
tablet,9
token,9
trackable,9
unclassified,9
use,9
6,8
7,8
ac,8
aspect,8
authenticity,8
blade,8
candle,8
catalog,8
coin,8
colour,8
copy,8
copyright,8
dc,8
double,8
estate,8
farbe,8
flower,8
formats,8
hamilton,8
handle,8
heater,8
impedance,8
inventory,8
kind,8
lenses,8
materials,8
media,8
ratio,8
retail,8
returns,8
scrubs,8
sensor,8
ships,8
sided,8
single,8
specification,8
spring,8
temple,8
texture,8
used,8
uv,8
widescreen,8
wwii,8
adapter,7
animals,7
auction,7
bedding,7
components,7
crystal,7
culture,7
cups,7
fine,7
fits,7
gently,7
glove,7
gold,7
group,7
hallmark,7
massage,7
mesh,7
method,7
mineral,7
mounting,7
p,7
photos,7
racing,7
radio,7
ready,7
red,7
saltwater,7
seller,7
star,7
status,7
stitching,7
store,7
video,7
vitamin,7
worn,7
yellow,7
8,6
accent,6
amperage,6
an,6
bars,6
built,6
capsule,6
care,6
coating,6
concentration,6
cooling,6
cotton,6
density,6
disney,6
e,6
feature,6
gr,6
green,6
guaranteed,6
hauptfarbe,6
inches,6
insurance,6
keepsake,6
keys,6
levers,6
lightbulb,6
marke,6
max,6
mount,6
mpn,6
native,6
option,6
packed,6
poles,6
position,6
processors,6
property,6
reticle,6
rosewood,6
seats,6
select,6
shapes,6
silver,6
sock,6
sq,6
stay,6
sticker,6
themes,6
toy,6
usb,6
variation,6
your,6
zustand,6
2002,5
2525252525252btype,5
25252525252btype,5
5,5
abramson,5
apparel,5
application,5
are,5
audio,5
authentication,5
back,5
bar,5
begins,5
bracelet,5
bulbs,5
can,5
center,5
circular,5
cloth,5
co,5
cost,5
crafted,5
deep,5
device,5
diapers,5
differ,5
disposable,5
down,5
equipment,5
eugenia,5
expansion,5
g,5
graphics,5
great,5
grip,5
guitar,5
holiday,5
how,5
index,5
inlay,5
instrument,5
kerosene,5
letters,5
liner,5
luggage,5
magnification,5
mattress,5
monitor,5
nappy,5
navy,5
need,5
nfl,5
ohms,5
one,5
only,5
outputs,5
pick,5
playable,5
ports,5
pr,5
prep,5
pressure,5
pump,5
reel,5
ribbon,5
saddlebag,5
sale,5
scrapbooking,5
scroll,5
smoke,5
solvers,5
sound,5
squinkies,5
summer,5
suspension,5
table,5
these,5
treated,5
uncut,5
vertical,5
wire,5
women,5
yes,5
12,4
19,4
1999,4
2000,4
2nd,4
acres,4
address,4
air,4
analog,4
animal,4
archival,4
artwork,4
attachment,4
authenticator,4
bags,4
base,4
bathrooms,4
bead,4
bedrooms,4
belt,4
broadcast,4
brown,4
cant,4
cell,4
charm,4
che,4
clothes,4
cm,4
coil,4
coinage,4
comic,4
component,4
construction,4
craftsmanship,4
cultural,4
cymbal,4
de,4
decorative,4
dimensions,4
downstream,4
easy,4
exterior,4
eye,4
figurine,4
find,4
firing,4
flash,4
fluke,4
formato,4
fraternal,4
functionality,4
genere,4
gps,4
hawaiian,4
hours,4
hp,4
inc,4
includes,4
indicator,4
ingredient,4
instructions,4
jim,4
k,4
knife,4
lee,4
load,4
long,4
lug,4
mail,4
meter,4
microphone,4
motif,4
muster,4
navigaton,4
old,4
pink,4
pixels,4
postal,4
pot,4
protector,4
rated,4
re,4
satellite,4
scrapbook,4
security,4
settings,4
show,4
small,4
soldier,4
speaker,4
spec,4
stones,4
strings,4
studio,4
studios,4
textilpflege,4
this,4
treatments,4
v,4
watts,4
where,4
white,4
will,4
win,4
windowed,4
zhu,4
zip,4
zise,4
1997,3
1998,3
2001,3
5v,3
60h,3
60hz,3
62a,3
aid,3
airlines,3
alarm,3
allen,3
any,3
artiste',3
arts,3
as,3
atari,3
automatic,3
baseball,3
basket,3
baskets,3
best,3
bindings,3
blouse,3
blue,3
bruce,3
butterfly,3
cameron,3
capture,3
carlos,3
celebrity,3
charge,3
chicago,3
classic,3
cleansers,3
coins,3
collectible,3
compliant,3
con,3
connector,3
converse,3
coolness,3
copper,3
coverage,3
crafts,3
crocs,3
cruise,3
cue,3
cycling,3
dance,3
data,3
decoders,3
dell,3
deodorant,3
destination,3
detail,3
dichroic,3
differential,3
dirt,3
doll,3
door,3
doubled,3
easter,3
edmonds,3
efficient,3
environment,3
face,3
faceted,3
fender,3
floral,3
flounder,3
footage,3
fork,3
frequency,3
ft,3
full,3
fur,3
golf,3
gomez,3
good,3
grey,3
hdcp,3
hdmi,3
hector,3
holds,3
holtz,3
honeywell,3
insert,3
intake,3
investment,3
jewerly,3
jig,3
keyboard,3
kitchen,3
lampwork,3
led,3
linen,3
local,3
makes,3
marcasite,3
mil,3
milk,3
mixer,3
mop,3
must,3
names,3
nike,3
ons,3
orlando,3
own,3
pan,3
piece,3
published,3
purchase,3
r,3
railroad,3
rate,3
refresh,3
retired,3
returned,3
royal,3
satisfaction,3
secondary,3
see,3
shakespeare,3
ship,3
shoes,3
shooting,3
shop,3
sku,3
sleeves,3
snap,3
solar,3
squid,3
stil,3
stock,3
strength,3
styles,3
swing,3
taylor,3
tester,3
textures,3
thickness,3
three,3
tim,3
tip,3
transmission,3
tread,3
tupperware,3
ua,3
union,3
universal,3
upper,3
usa,3
vacuum,3
vase,3
vents,3
very,3
voice,3
waterproof,3
weigth,3
within,3
zambrano,3
110,2
14mm,2
18,2
1oz,2
20,2
24,2
25,2
26,2
48010,2
50s,2
5mm,2
89467,2
abercrombie,2
accepted,2
active,2
albert,2
alert,2
analyzer,2
angels,2
anti,2
appliance,2
applicator,2
arms,2
array,2
austrian,2
award,2
b3,2
bamboo,2
barrel,2
bat,2
beer,2
begin,2
below,2
betsey,2
bird,2
birds,2
blackhawks,2
boards,2
boat,2
bottle,2
bottom,2
bounce,2
bowl,2
break,2
bucktail,2
bull,2
bust,2
buyer,2
canada,2
canon,2
capability,2
cardinals,2
cassette,2
cc,2
cd,2
ces,2
challenger,2
chassis,2
china,2
clasp,2
co2,2
coa,2
colectors,2
comes,2
condtion,2
control,2
convection,2
cooking,2
couleur,2
countries,2
created,2
crimp,2
crossbody,2
crucifix,2
crumb,2
current,2
custom,2
cylinder,2
cylinders,2
dancer,2
days,2
department,2
dependable,2
detox,2
digital,2
dish,2
do,2
dollar,2
donruss,2
dresden,2
drinkware,2
dust,2
earrings,2
elasticized,2
embellishment,2
embellishments,2
en,2
end,2
enesco,2
european,2
excellent,2
exists,2
expression,2
fashion,2
fashions,2
file,2
first,2
fitting,2
flowers,2
fold,2
formation,2
french,2
fun,2
garcia,2
gb,2
gear,2
germany,2
gift,2
gillette,2
ginter,2
given,2
gray,2
grill,2
grow,2
halter,2
hanging,2
have,2
hawaii,2
headpiece,2
high,2
holidays,2
ics,2
incontinence,2
informationtype,2
initial,2
internet,2
iron,2
japan,2
jewels,2
jigging,2
johnson,2
kansas,2
karrat,2
king,2
kitten,2
kk's,2
lamp,2
lampworked,2
laundry,2
lead,2
left,2
legth,2
leis,2
levi's,2
light,2
lining,2
lock,2
longer,2
loss,2
m,2
magic,2
man,2
many,2
mark,2
mati,2
measuring,2
medela,2
medical,2
men,2
mer,2
metlox,2
mfg,2
michigan,2
mike,2
milligrams,2
miniature,2
mp3,2
music,2
n,2
necessary,2
networking,2
never,2
night,2
nombre,2
non,2
north,2
o,2
offer,2
office,2
oop,2
openning,2
operation,2
outdoor,2
outfit,2
owned,2
pa,2
pagan,2
paid,2
painting,2
paints,2
pair,2
pant,2
paranormal,2
patio,2
pets,2
pi,2
pickup,2
pipe,2
place,2
plates,2
plush,2
polyester,2
polypropylene,2
port,2
precious,2
price,2
process,2
production,2
products,2
pull,2
purchases,2
purple,2
queen,2
razor,2
rear,2
refund,2
ride,2
riding,2
right,2
rivi,2
round,2
running,2
san,2
santiago,2
scan,2
semi,2
serial,2
seth,2
setting,2
sharp,2
shawn,2
shot,2
silk,2
silky,2
similar,2
sized,2
skirt,2
sleeps,2
slipcover,2
sous,2
specifics,2
spikes,2
sponsor,2
squelch,2
st025dc,2
stamp,2
station,2
steel,2
stein,2
straps,2
stretch,2
styling,2
suitable,2
sun,2
surround,2
sweeney,2
sweetest,2
tanto,2
tape,2
taveras,2
thomas,2
times,2
tivo,2
tools,2
top,2
traditions,2
tray,2
tree,2
troy,2
twist,2
u,2
unisex,2
united,2
uses,2
victorian,2
view,2
vision,2
w,2
walkman,2
warrenty,2
wars,2
we,2
wear,2
weather,2
weatherproof,2
website,2
wicca,2
willy,2
windows,2
wine,2
wrench,2
write,2
x2,2
yoke,2
york,2
0,1
16194500,1
10x10,1
1377a002aa,1
14k,1
1500,1
1883,1
1893,1
1895,1
1900,1
1903,1
1907,1
1908,1
1937,1
1938,1
1939,1
1943,1
1945,1
1970,1
1986,1
2003,1
2008,1
2010,1
2011,1
2012,1
22,1
250,1
2bedition,1
2f2,1
3000psi,1
307,1
30lb,1
32,1
33,1
3300,1
34x29,1
4'x11',1
40lb,1
40s,1
41304105,1
47mm,1
48ci,1
500,1
501,1
5088rs,1
514,1
57',1
5a,1
60070,1
65,1
690,1
7269088,1
75b,1
77,1
78,1
80,1
8097,1
84040,1
85in,1
88,1
880,1
8oz,1
9,1
ac100v,1
accelerated,1
acreage,1
activate,1
ad,1
adjustable,1
advanced,1
aging,1
airtites,1
al,1
alan,1
alice,1
allergy,1
alpha,1
also,1
am,1
am1030,1
america,1
amtrak,1
anno,1
answering,1
applications,1
approx,1
approximately,1
arabia,1
ariel,1
aristo,1
armour,1
around,1
arthur,1
article,1
artistic,1
ash,1
asian,1
assorted,1
asthma,1
astros,1
atlantis,1
authentics,1
autographed,1
autos,1
avant,1
avon,1
away,1
backpack,1
bait,1
bakelite,1
bakeware,1
bass,1
batteries,1
bavaria,1
bcbg,1
bcw,1
beachcombed,1
beachwear,1
bearings,1
before,1
behavior,1
bell,1
benefits,1
berry,1
berwick,1
bicone,1
big,1
bigelow,1
bikes,1
bills,1
binders,1
blanca,1
blend,1
blender,1
bmw,1
boating,1
bob,1
bodysuit,1
bone,1
book,1
boopie,1
bosca,1
boys,1
boys',1
bracelete,1
brands,1
bread,1
bridge,1
brighten,1
brocade,1
bubble,1
buckingham,1
bullion,1
burger,1
business,1
but,1
button,1
buttons,1
c,1
c2e2,1
cake,1
camcorder,1
camo,1
camoflage,1
camouflage,1
camper,1
campersfriend,1
candlewick,1
cappuccino,1
capsules,1
caract,1
cargo,1
carriage,1
cars,1
casing,1
casual,1
cat,1
certificate,1
certified,1
chain,1
charger,1
chase,1
cheetah,1
chemical,1
chilli,1
christmas,1
circa,1
cise,1
citicorp,1
clean,1
clear,1
cnd,1
coated,1
cobra,1
coca,1
cocktail,1
cocoa,1
coffee,1
coiling,1
cola,1
cold,1
collect,1
collectable,1
collectables,1
collector,1
combined,1
comfort,1
compaq,1
compatibility,1
contactor,1
container,1
cooktop,1
cooler,1
coolox,1
copier,1
copyrighted,1
corn,1
corset,1
corvette,1
couture,1
covers,1
coverstock,1
cozy,1
crank,1
cream,1
creative,1
crocheted,1
crown,1
cruz,1
cubs,1
currency,1
customer,1
cute,1
cutlery,1
cuts,1
cz,1
d2,1
daisies,1
dallas,1
damage,1
damper,1
dancewear,1
dark,1
darling,1
dates,1
dck655x,1
decoration,1
delaware,1
deployment,1
designed,1
developer,1
devices,1
diabetic,1
die,1
diego,1
dielectric,1
diferrential,1
different,1
digi,1
din,1
diners,1
ding,1
diploma,1
direction,1
dividers,1
dividers6,1
dockers',1
dog,1
dolly,1
dong,1
donkey,1
donna,1
doo,1
doric,1
dot,1
downloads,1
dustbusters,1
dutch,1
dvd,1
ebay,1
education,1
eeyore,1
egyptian,1
eisenhower,1
electric,1
element,1
elements,1
elizabeth,1
emblem,1
embroidered,1
emerald,1
emo,1
enameled,1
enforcement,1
england,1
escobar,1
evan,1
evening,1
events,1
evergreen,1
extender,1
extractors,1
eyepiece,1
fabricant,1
faded,1
fairies,1
fame,1
fan,1
fans,1
farm,1
fashioned,1
fast,1
faux,1
feather,1
feathers,1
fee,1
feeder,1
fellowhip,1
ferrite,1
filling,1
filtration,1
finder,1
fineness,1
finland,1
fitch,1
fixtures,1
flap,1
flatfish,1
flir,1
floor,1
fly,1
forclosure,1
foriegn,1
fossil,1
framed,1
frameworth,1
france,1
francisco,1
freshwater,1
frets,1
fru,1
fuchsia,1
function,1
functions,1
gadgets,1
gallery,1
gap,1
garden,1
gardenia,1
garment,1
ge,1
geisha,1
gems,1
generation,1
george,1
germination,1
giant,1
gibson,1
gifts,1
gig,1
gilbert,1
give,1
gl,1
glamorous,1
glaus,1
glitter,1
glory,1
glow,1
goblets,1
gone,1
gong,1
gown,1
gr5,1
gram,1
grape,1
graphite,1
growth,1
grp90,1
grp90w,1
guinness,1
gun,1
gym,1
habit,1
hall,1
hammers,1
handed,1
handset,1
hardiness,1
hardware,1
harker,1
harmonica,1
haviland,1
hdtv,1
heat,1
henson,1
her,1
herb,1
hermes,1
hi,1
hikers,1
hiking,1
hips,1
hobnail,1
honey,1
hook,1
horsepower,1
hose,1
hostess,1
hot,1
howell,1
hs,1
humbuckers,1
ideal,1
identification,1
ii,1
ike,1
illustrated,1
immediate,1
implement,1
inclusive,1
independence,1
indoor,1
infant,1
info,1
inserts,1
installed,1
interest,1
interior,1
interiors,1
internal,1
iphones,1
issues,1
it,1
italy,1
itlay,1
ivory,1
ivy,1
jakarta,1
japanese,1
jar,1
jd,1
jeans,1
jeanswear,1
jewlery,1
john,1
jones,1
juicy,1
keens,1
kentucky,1
keychain,1
khaki,1
kings,1
kit,1
knee,1
knit,1
knitted,1
kong,1
kukui,1
kundo,1
l,1
la,1
lace,1
land,1
large,1
lauren,1
law,1
lawn,1
lbs,1
leg,1
legendary,1
lego,1
lenght,1
lengths,1
lenox,1
leotard,1
levine,1
liberty,1
lid,1
lidded,1
lift,1
lifting,1
lil'kinz,1
lime,1
limit,1
lingua,1
lion,1
lip,1
little,1
livestock,1
living,1
longueur,1
lotus,1
lx,1
machine,1
magazine,1
majesty,1
majolica,1
makeup,1
making,1
mann,1
manufacturing,1
maple,1
marca,1
marine,1
marked,1
marley,1
marque,1
marques,1
mary,1
massager,1
mataerial,1
materiel,1
matted,1
mauve,1
mavericks,1
may,1
memorabilia,1
memories,1
mens,1
microfiber,1
microwave,1
minolta,1
misses,1
mlb,1
mm,1
moments,1
motherboard,1
motor,1
mower,1
much,1
mulder,1
multiple,1
natural,1
neckline,1
nice,1
nickle,1
noritake,1
not,1
note,1
numbers,1
nut,1
nuts,1
obama,1
occassion,1
occupied,1
olive,1
olympiad,1
opalescent,1
opner,1
order,1
ornaments,1
others,1
out,1
oxidants,1
packaged,1
packs,1
paddlesurf,1
pages,1
pail,1
paintball,1
palace,1
palette,1
parfum,1
parts,1
party,1
passive,1
patch,1
patches,1
patent,1
patricks,1
paul,1
pearl,1
pecan,1
pedals,1
pendulum,1
pens,1
peppers,1
perfume,1
personalization,1
pflueger,1
phoenix,1
photographs,1
physical,1
piano,1
picone,1
pics,1
pill,1
pilot,1
pilsner,1
pin,1
pipes,1
pitcher,1
plastic,1
playoff,1
pliable,1
pocker,1
polar,1
polo,1
pom,1
poms,1
pooh,1
pool,1
porcelain,1
postcard,1
postcards,1
poster,1
pottery,1
preference,1
president,1
prey,1
priced,1
private,1
pro,1
processes,1
processing,1
produkttyp,1
projection,1
protects,1
provenance,1
pt,1
pubblicazione,1
pullers,1
pulley,1
pulse,1
purchased,1
purse,1
push,1
puzzle,1
qty,1
quanity,1
quick,1
ralph,1
raspberry,1
ratings,1
rb10,1
rcbs,1
real,1
rebecca,1
recovery,1
refrigerator,1
regulator,1
religion,1
religious,1
reloader,1
renewal,1
replacement,1
reproducton,1
resealable,1
reserve,1
resin,1
retrospectrum,1
rhinestones,1
rice,1
richie,1
rig,1
rigid,1
ringing,1
ringo,1
ristique,1
rival,1
riviera,1
roebuck,1
rolled,1
rollerblade,1
rolls,1
rom,1
romper,1
ronson,1
rose,1
router,1
ruby,1
rust,1
rx330,1
rx350,1
rx400,1
sacramento,1
sage,1
sanction,1
sangria,1
sanitized,1
saucers,1
save,1
saw,1
scents,1
school,1
schwinn,1
scoop,1
scopo,1
scotte,1
scout,1
sears,1
seating,1
second,1
secrets,1
seen,1
sexson,1
seymour,1
shades,1
shadow,1
shampoo,1
shanghai,1
shavers,1
sheet,1
sheffield,1
shell,1
shimmer,1
shippin,1
shoulder,1
shrek,1
side,1
silverplate,1
sinus,1
siz's,1
skinny,1
skulls,1
slatkin,1
slender,1
slim,1
smooth,1
snowboarding,1
so,1
soaps,1
soda,1
softball,1
soggetto,1
sole,1
solid,1
souvenir,1
sp,1
space,1
sparkles,1
speakerphone,1
specimen,1
spectrum,1
spefics,1
st,1
stadium,1
stag,1
stainless,1
stamped,1
stan,1
stardom,1
stationary,1
steamer,1
sterilized,1
sterling,1
stickers,1
stojakovic,1
stoppers,1
straight,1
straightener,1
stripes,1
substainalble,1
suction,1
super,1
surf,1
swatches,1
sweater,1
swim,1
swimsuit,1
switch,1
sz,1
tackle,1
tahari,1
tan,1
tank,1
taupe,1
tc,1
tea,1
teal,1
tech,1
telephoto,1
texas,1
thanksgiving,1
theatrical,1
therapy,1
thermal,1
thermostat,1
thigh,1
though,1
threads,1
threat,1
through,1
thru,1
tie,1
tied,1
tigger,1
tin,1
tinted,1
tissue,1
tite,1
titles,1
toa,1
tokens,1
toner,1
tons,1
too,1
topps,1
torsion,1
touch,1
towel,1
tracks,1
trade,1
trivet,1
trout,1
trunks,1
tube,1
turn,1
turquoise,1
tutorials,1
tuxedo,1
tv,1
uk,1
ukulele,1
unboxed,1
uncoils,1
under,1
uniform,1
university,1
unmarked,1
up,1
urban,1
utilizzo,1
vacuming,1
vacuums,1
variable,1
vas,1
vcr,1
vest,1
vf,1
vfeet,1
vibration,1
victoria,1
vocal,1
vw,1
waal,1
war,1
was,1
washer,1
watchband,1
watter,1
webkinz,1
wedding,1
western,1
westmoreland,1
what,1
wholesale,1
wildlife,1
wind,1
winnie,1
wipe,1
wizard,1
wonder,1
wonderland,1
wooden,1
work,1
works,1
wrap,1
wrinkle,1
wrist,1
wristlet,1
writer,1
wt,1
ww2,1
x,1
x10,1
x3,1
x4,1
x8,1
xxiii,1
years,1
yunel,1
zebco,1
zebra,1
zoning,1
